Workbook

Sheet Data
A1: n | B1: name | C1: dept | D1: salary | E1: hired
A2: 1 | B2: Ada | C2: Eng | D2: 165000 | E2: 2019-03-01
A3: 2 | B3: Grace | C3: Eng | D3: 172000 | E3: 2018-07-15
A4: 3 | B4: Katherine | C4: Science | D4: 158000 | E4: 2020-01-20
A5: 4 | B5: Dorothy | C5: Science | D5: 149000 | E5: 2021-11-02
A6: 5 | B6: Margaret | C6: Eng | D6: 181000 | E6: 2017-05-30
A7: 6 | B7: Annie | C7: Ops | D7: 121000 | E7: 2022-09-12
A8: 7 | B8: Henrietta | C8: Ops | D8: 118000 | E8: 2023-02-28
A9: 8 | B9: Mary | C9: Science | D9: 143000 | E9: 2020-06-08

Sheet Formulas
A1: case | B1: formula | C1: result
A2: SUM | B2: '=SUM(Data!D2:D9) | C2: =SUM(Data!D2:D9) -> 1207000
A3: AVERAGE | B3: '=AVERAGE(Data!D2:D9) | C3: =AVERAGE(Data!D2:D9) -> 150875
A4: MIN | B4: '=MIN(Data!D2:D9) | C4: =MIN(Data!D2:D9) -> 118000
A5: MAX | B5: '=MAX(Data!D2:D9) | C5: =MAX(Data!D2:D9) -> 181000
A6: COUNT | B6: '=COUNT(Data!D2:D9) | C6: =COUNT(Data!D2:D9) -> 8
A7: COUNTA | B7: '=COUNTA(Data!A1:E9) | C7: =COUNTA(Data!A1:E9) -> 45
A8: COUNTBLANK | B8: '=COUNTBLANK(Data!A1:E20) | C8: =COUNTBLANK(Data!A1:E20) -> 55
A9: MEDIAN | B9: '=MEDIAN(Data!D2:D9) | C9: =MEDIAN(Data!D2:D9) -> 153500
A10: STDEV.S | B10: '=STDEV.S(Data!D2:D9) | C10: =_xlfn.STDEV.S(Data!D2:D9) -> 22812.512
A11: VAR.S | B11: '=VAR.S(Data!D2:D9) | C11: =_xlfn.VAR.S(Data!D2:D9) -> 5.2041071e+08
A12: SUMIF | B12: '=SUMIF(Data!C2:C9,"Eng",Data!D2:D9) | C12: =SUMIF(Data!C2:C9,"Eng",Data!D2:D9) -> 518000
A13: SUMIFS | B13: '=SUMIFS(Data!D2:D9,Data!C2:C9,"Eng",Data!D2:D9,">170000") | C13: =SUMIFS(Data!D2:D9,Data!C2:C9,"Eng",Data!D2:D9,">170000") -> 353000
A14: COUNTIF | B14: '=COUNTIF(Data!C2:C9,"Science") | C14: =COUNTIF(Data!C2:C9,"Science") -> 3
A15: COUNTIFS | B15: '=COUNTIFS(Data!C2:C9,"Ops",Data!D2:D9,"<120000") | C15: =COUNTIFS(Data!C2:C9,"Ops",Data!D2:D9,"<120000") -> 1
A16: AVERAGEIF | B16: '=AVERAGEIF(Data!C2:C9,"Eng",Data!D2:D9) | C16: =AVERAGEIF(Data!C2:C9,"Eng",Data!D2:D9) -> 172666.67
A17: IF | B17: '=IF(Data!D2>160000,"high","low") | C17: =IF(Data!D2>160000,"high","low") -> high
A18: IFS | B18: '=IFS(Data!D2>180000,"top",Data!D2>150000,"mid",TRUE,"base") | C18: =_xlfn.IFS(Data!D2>180000,"top",Data!D2>150000,"mid",TRUE(),"base") -> mid
A19: AND | B19: '=AND(1=1,2=2) | C19: =AND(1=1,2=2) -> TRUE
A20: OR | B20: '=OR(1=2,2=2) | C20: =OR(1=2,2=2) -> TRUE
A21: NOT | B21: '=NOT(1=2) | C21: =NOT(1=2) -> TRUE
A22: XOR | B22: '=XOR(TRUE,FALSE) | C22: =_xlfn.XOR(TRUE(),FALSE()) -> TRUE
A23: IFERROR | B23: '=IFERROR(1/0,"caught") | C23: =IFERROR(1/0,"caught") -> caught
A24: IFNA | B24: '=IFNA(NA(),"was na") | C24: =_xlfn.IFNA(NA(),"was na") -> was na
A25: VLOOKUP | B25: '=VLOOKUP(3,Data!A2:D9,2,FALSE) | C25: =VLOOKUP(3,Data!A2:D9,2,FALSE()) -> Katherine
A26: HLOOKUP | B26: '=HLOOKUP("dept",Data!A1:E9,4,FALSE) | C26: =HLOOKUP("dept",Data!A1:E9,4,FALSE()) -> Science
A27: INDEX_MATCH | B27: '=INDEX(Data!D2:D9,MATCH("Grace",Data!B2:B9,0)) | C27: =INDEX(Data!D2:D9,MATCH("Grace",Data!B2:B9,0)) -> 172000
A28: XLOOKUP | B28: '=XLOOKUP("Annie",Data!B2:B9,Data!D2:D9,"none") | C28: =_xlfn.xlookup("Annie",Data!B2:B9,Data!D2:D9,"none") -> #NAME?
A29: XMATCH | B29: '=XMATCH("Mary",Data!B2:B9,0) | C29: =_xlfn.xmatch("Mary",Data!B2:B9,0) -> #NAME?
A30: OFFSET | B30: '=OFFSET(Data!A1,2,3) | C30: =OFFSET(Data!A1,2,3) -> 172000
A31: INDIRECT | B31: '=INDIRECT("Data!D2") | C31: =INDIRECT("Data!D2") -> 165000
A32: CHOOSE | B32: '=CHOOSE(2,"a","b","c") | C32: =CHOOSE(2,"a","b","c") -> b
A33: ROW | B33: '=ROW(Data!A5) | C33: =ROW(Data!A5) -> 5
A34: COLUMN | B34: '=COLUMN(Data!D1) | C34: =COLUMN(Data!D1) -> 4
A35: ROWS | B35: '=ROWS(Data!A1:A9) | C35: =ROWS(Data!A1:A9) -> 9
A36: COLUMNS | B36: '=COLUMNS(Data!A1:E1) | C36: =COLUMNS(Data!A1:E1) -> 5
A37: CONCAT | B37: '=CONCAT("a","b","c") | C37: =_xlfn.CONCAT("a","b","c") -> abc
A38: TEXTJOIN | B38: '=TEXTJOIN("-",TRUE,"x","y","z") | C38: =_xlfn.TEXTJOIN("-",TRUE(),"x","y","z") -> x-y-z
A39: LEFT | B39: '=LEFT("spreadsheet",6) | C39: =LEFT("spreadsheet",6) -> spread
A40: RIGHT | B40: '=RIGHT("spreadsheet",5) | C40: =RIGHT("spreadsheet",5) -> sheet
A41: MID | B41: '=MID("spreadsheet",7,5) | C41: =MID("spreadsheet",7,5) -> sheet
A42: LEN | B42: '=LEN("spreadsheet") | C42: =LEN("spreadsheet") -> 11
A43: UPPER | B43: '=UPPER("abc") | C43: =UPPER("abc") -> ABC
A44: LOWER | B44: '=LOWER("ABC") | C44: =LOWER("ABC") -> abc
A45: PROPER | B45: '=PROPER("hello world") | C45: =PROPER("hello world") -> Hello World
A46: TRIM | B46: '=TRIM(" pad ") | C46: =TRIM(" pad ") -> pad
A47: SUBSTITUTE | B47: '=SUBSTITUTE("a-b-c","-","+") | C47: =SUBSTITUTE("a-b-c","-","+") -> a+b+c
A48: REPLACE | B48: '=REPLACE("abcdef",2,3,"XY") | C48: =REPLACE("abcdef",2,3,"XY") -> aXYef
A49: FIND | B49: '=FIND("read","spreadsheet") | C49: =FIND("read","spreadsheet") -> 3
A50: SEARCH | B50: '=SEARCH("READ","spreadsheet") | C50: =SEARCH("READ","spreadsheet") -> 3
A51: TEXT | B51: '=TEXT(1234.567,"#,##0.00") | C51: =TEXT(1234.567,"#,##0.00") -> 1,234.57
A52: VALUE | B52: '=VALUE("123.45") | C52: =VALUE("123.45") -> 123.45
A53: REPT | B53: '=REPT("ab",3) | C53: =REPT("ab",3) -> ababab
A54: EXACT | B54: '=EXACT("a","A") | C54: =EXACT("a","A") -> FALSE
A55: ROUND | B55: '=ROUND(3.14159,2) | C55: =ROUND(3.14159,2) -> 3.14
A56: ROUNDUP | B56: '=ROUNDUP(3.14159,2) | C56: =ROUNDUP(3.14159,2) -> 3.15
A57: ROUNDDOWN | B57: '=ROUNDDOWN(3.14159,2) | C57: =ROUNDDOWN(3.14159,2) -> 3.14
A58: MROUND | B58: '=MROUND(17,5) | C58: =MROUND(17,5) -> 15
A59: CEILING.MATH | B59: '=CEILING.MATH(4.2) | C59: =_xlfn.CEILING.MATH(4.2) -> 5
A60: FLOOR.MATH | B60: '=FLOOR.MATH(4.8) | C60: =_xlfn.FLOOR.MATH(4.8) -> 4
A61: INT | B61: '=INT(-3.5) | C61: =INT(-3.5) -> -4
A62: TRUNC | B62: '=TRUNC(-3.5) | C62: =TRUNC(-3.5) -> -3
A63: ABS | B63: '=ABS(-7) | C63: =ABS(-7) -> 7
A64: SIGN | B64: '=SIGN(-7) | C64: =SIGN(-7) -> -1
A65: MOD | B65: '=MOD(-7,3) | C65: =MOD(-7,3) -> 2
A66: QUOTIENT | B66: '=QUOTIENT(7,2) | C66: =QUOTIENT(7,2) -> 3
A67: POWER | B67: '=POWER(2,10) | C67: =POWER(2,10) -> 1024
A68: SQRT | B68: '=SQRT(144) | C68: =SQRT(144) -> 12
A69: EXP | B69: '=EXP(1) | C69: =EXP(1) -> 2.7182818
A70: LN | B70: '=LN(EXP(2)) | C70: =LN(EXP(2)) -> 2
A71: LOG10 | B71: '=LOG10(1000) | C71: =LOG10(1000) -> 3
A72: LOG | B72: '=LOG(8,2) | C72: =LOG(8,2) -> 3
A73: PI | B73: '=PI() | C73: =PI() -> 3.1415927
A74: SIN | B74: '=SIN(PI()/2) | C74: =SIN(PI()/2) -> 1
A75: COS | B75: '=COS(0) | C75: =COS(0) -> 1
A76: TAN | B76: '=TAN(0) | C76: =TAN(0) -> 0
A77: ATAN2 | B77: '=ATAN2(1,1) | C77: =ATAN2(1,1) -> 0.78539816
A78: DEGREES | B78: '=DEGREES(PI()) | C78: =DEGREES(PI()) -> 180
A79: RADIANS | B79: '=RADIANS(180) | C79: =RADIANS(180) -> 3.1415927
A80: SUMPRODUCT | B80: '=SUMPRODUCT(Data!A2:A9,Data!D2:D9) | C80: =SUMPRODUCT(Data!A2:A9,Data!D2:D9) -> 5180000
A81: SUMSQ | B81: '=SUMSQ(3,4) | C81: =SUMSQ(3,4) -> 25
A82: PRODUCT | B82: '=PRODUCT(2,3,4) | C82: =PRODUCT(2,3,4) -> 24
A83: GCD | B83: '=GCD(24,36) | C83: =GCD(24,36) -> 12
A84: LCM | B84: '=LCM(4,6) | C84: =LCM(4,6) -> 12
A85: FACT | B85: '=FACT(6) | C85: =FACT(6) -> 720
A86: COMBIN | B86: '=COMBIN(10,3) | C86: =COMBIN(10,3) -> 120
A87: DATE | B87: '=DATE(2024,2,29) | C87: =DATE(2024,2,29) -> 45351
A88: YEAR | B88: '=YEAR(DATE(2024,2,29)) | C88: =YEAR(DATE(2024,2,29)) -> 2024
A89: MONTH | B89: '=MONTH(DATE(2024,2,29)) | C89: =MONTH(DATE(2024,2,29)) -> 2
A90: DAY | B90: '=DAY(DATE(2024,2,29)) | C90: =DAY(DATE(2024,2,29)) -> 29
A91: EOMONTH | B91: '=EOMONTH(DATE(2024,1,15),0) | C91: =EOMONTH(DATE(2024,1,15),0) -> 45322
A92: EDATE | B92: '=EDATE(DATE(2024,1,31),1) | C92: =EDATE(DATE(2024,1,31),1) -> 45351
A93: WEEKDAY | B93: '=WEEKDAY(DATE(2024,3,1)) | C93: =WEEKDAY(DATE(2024,3,1)) -> 6
A94: WEEKNUM | B94: '=WEEKNUM(DATE(2024,3,1)) | C94: =WEEKNUM(DATE(2024,3,1),1) -> 9
A95: DATEDIF | B95: '=DATEDIF(DATE(2020,1,1),DATE(2024,3,1),"m") | C95: =DATEDIF(DATE(2020,1,1),DATE(2024,3,1),"m") -> 50
A96: DAYS | B96: '=DAYS(DATE(2024,3,1),DATE(2024,1,1)) | C96: =_xlfn.DAYS(DATE(2024,3,1),DATE(2024,1,1)) -> 60
A97: NETWORKDAYS | B97: '=NETWORKDAYS(DATE(2024,1,1),DATE(2024,1,31)) | C97: =NETWORKDAYS(DATE(2024,1,1),DATE(2024,1,31)) -> 23
A98: WORKDAY | B98: '=WORKDAY(DATE(2024,1,1),10) | C98: =WORKDAY(DATE(2024,1,1),10) -> 45306
A99: TIME | B99: '=TIME(13,45,30) | C99: =TIME(13,45,30) -> 0.57326389
A100: HOUR | B100: '=HOUR(TIME(13,45,30)) | C100: =HOUR(TIME(13,45,30)) -> 13
...
