Workbook

Sheet D
A1: 4 | B1: 2 | C1: a | D1: 1 | E1: 10 | G1: 2.1 | H1: 1 | I1: 3 | J1: 6
A2: 5 | B2: 4 | C2: b | D2: 2 | E2: x | G2: 4.3 | H2: 2 | I2: 1 | J2: 9
A3: 8 | B3: 6 | C3: a | D3: 3 | E3: TRUE | G3: 5.9 | H3: 3 | I3: 4 | J3: 4
A4: 7 | B4: 8 | C4: c | D4: 4 | G4: 8.4 | H4: 4 | I4: 1 | J4: 8
A5: 11 | B5: 10 | D5: 5 | E5: 20 | G5: 10.1 | H5: 5 | I5: 5 | J5: 7
A6: 4 | B6: 12 | D6: 6 | J6: 5
A7: 3 | B7: 14 | D7: 7
A8: 9 | B8: 16 | D8: 8

Sheet C
A1: case1 | B1: =AVERAGE(D!A1:A8)
A2: case2 | B2: =AVERAGEA(D!E1:E5)
A3: case3 | B3: =AVERAGE(D!E1:E5)
A4: case4 | B4: =COUNT(D!E1:E5)
A5: case5 | B5: =COUNTA(D!E1:E5)
A6: case6 | B6: =COUNTBLANK(D!E1:E8)
A7: case7 | B7: =COUNT(1,)
A8: case8 | B8: =COUNTA(1,)
A9: case9 | B9: =COUNTA("")
A10: case10 | B10: =COUNT("3")
A11: case11 | B11: =COUNT(TRUE)
A12: case12 | B12: =COUNTA(D!F1:F5)
A13: case13 | B13: =MAX(D!A1:A8)
A14: case14 | B14: =MIN(D!A1:A8)
A15: case15 | B15: =MAXA(D!E1:E5)
A16: case16 | B16: =MINA(D!E1:E5)
A17: case17 | B17: =MEDIAN(D!A1:A8)
A18: case18 | B18: =MEDIAN(D!A1:A7)
A19: case19 | B19: =_xlfn.MODE.SNGL(D!A1:A8)
A20: case20 | B20: =_xlfn.MODE.SNGL(D!D1:D8)
A21: case21 | B21: =LARGE(D!A1:A8,3)
A22: case22 | B22: =SMALL(D!A1:A8,3)
A23: case23 | B23: =_xlfn.RANK.EQ(4,D!A1:A8)
A24: case24 | B24: =_xlfn.RANK.EQ(4,D!A1:A8,1)
A25: case25 | B25: =_xlfn.RANK.AVG(4,D!A1:A8)
A26: case26 | B26: =_xlfn.PERCENTILE.INC(D!A1:A8,0.25)
A27: case27 | B27: =_xlfn.PERCENTILE.EXC(D!A1:A8,0.25)
A28: case28 | B28: =_xlfn.QUARTILE.INC(D!A1:A8,1)
A29: case29 | B29: =_xlfn.QUARTILE.EXC(D!A1:A8,1)
A30: case30 | B30: =_xlfn.PERCENTRANK.INC(D!A1:A8,7)
A31: case31 | B31: =_xlfn.PERCENTRANK.EXC(D!A1:A8,7)
A32: case32 | B32: =_xlfn.PERCENTRANK.INC(D!A1:A8,6)
A33: case33 | B33: =_xlfn.PERCENTRANK.INC(D!A1:A8,3,5)
A34: case34 | B34: =_xlfn.STDEV.S(D!A1:A8)
A35: case35 | B35: =_xlfn.STDEV.P(D!A1:A8)
A36: case36 | B36: =STDEVA(D!E1:E5)
A37: case37 | B37: =STDEVPA(D!E1:E5)
A38: case38 | B38: =_xlfn.VAR.S(D!A1:A8)
A39: case39 | B39: =_xlfn.VAR.P(D!A1:A8)
A40: case40 | B40: =VARA(D!E1:E5)
A41: case41 | B41: =VARPA(D!E1:E5)
A42: case42 | B42: =DEVSQ(D!A1:A8)
A43: case43 | B43: =AVEDEV(D!A1:A8)
A44: case44 | B44: =GEOMEAN(D!A1:A8)
A45: case45 | B45: =HARMEAN(D!A1:A8)
A46: case46 | B46: =TRIMMEAN(D!A1:A8,0.25)
A47: case47 | B47: =STANDARDIZE(7,5,2)
A48: case48 | B48: =SKEW(D!A1:A8)
A49: case49 | B49: =_xlfn.SKEW.P(D!A1:A8)
A50: case50 | B50: =KURT(D!A1:A8)
A51: case51 | B51: =COUNTIF(D!C1:C4,"a")
A52: case52 | B52: =COUNTIFS(D!C1:C4,"a",D!A1:A4,">4")
A53: case53 | B53: =AVERAGEIF(D!A1:A8,">4")
A54: case54 | B54: =AVERAGEIF(D!C1:C4,"a",D!A1:A4)
A55: case55 | B55: =AVERAGEIFS(D!A1:A8,D!A1:A8,">4")
A56: case56 | B56: =_xlfn.MAXIFS(D!A1:A8,D!B1:B8,">6")
A57: case57 | B57: =_xlfn.MINIFS(D!A1:A8,D!B1:B8,">6")
A58: case58 | B58: =_xlfn.COVARIANCE.P(D!G1:G5,D!H1:H5)
A59: case59 | B59: =_xlfn.COVARIANCE.S(D!G1:G5,D!H1:H5)
A60: case60 | B60: =CORREL(D!G1:G5,D!H1:H5)
A61: case61 | B61: =PEARSON(D!G1:G5,D!H1:H5)
A62: case62 | B62: =RSQ(D!G1:G5,D!H1:H5)
A63: case63 | B63: =SLOPE(D!G1:G5,D!H1:H5)
A64: case64 | B64: =INTERCEPT(D!G1:G5,D!H1:H5)
A65: case65 | B65: =_xlfn.FORECAST.LINEAR(6,D!G1:G5,D!H1:H5)
A66: case66 | B66: =SUM(TREND(D!G1:G5,D!H1:H5,D!H1:H5))
A67: case67 | B67: =SUM(GROWTH(D!G1:G5,D!H1:H5,D!H1:H5))
A68: case68 | B68: =INDEX(LINEST(D!G1:G5,D!H1:H5),1,1)
A69: case69 | B69: =INDEX(LINEST(D!G1:G5,D!H1:H5),1,2)
A70: case70 | B70: =INDEX(LINEST(D!G1:G5,D!H1:H5,TRUE,TRUE),2,1)
A71: case71 | B71: =INDEX(LINEST(D!G1:G5,D!H1:H5,TRUE,TRUE),3,1)
A72: case72 | B72: =INDEX(LINEST(D!G1:G5,D!H1:H5,TRUE,TRUE),3,2)
A73: case73 | B73: =INDEX(LINEST(D!G1:G5,D!H1:H5,TRUE,TRUE),4,1)
A74: case74 | B74: =INDEX(LINEST(D!G1:G5,D!H1:H5,TRUE,TRUE),4,2)
A75: case75 | B75: =INDEX(LINEST(D!G1:G5,D!H1:H5,TRUE,TRUE),5,1)
A76: case76 | B76: =INDEX(LINEST(D!G1:G5,D!H1:H5,TRUE,TRUE),5,2)
A77: case77 | B77: =INDEX(FREQUENCY(D!A1:A8,{4,8}),1,1)
A78: case78 | B78: =INDEX(FREQUENCY(D!A1:A8,{4,8}),2,1)
A79: case79 | B79: =INDEX(FREQUENCY(D!A1:A8,{4,8}),3,1)
A80: case80 | B80: =PROB({1,2,3,4},{0.1,0.2,0.3,0.4},2,3)
A81: case81 | B81: =PROB({1,2,3,4},{0.1,0.2,0.3,0.4},2)
A82: case82 | B82: =_xlfn.NORM.DIST(1.5,0,1,TRUE)
A83: case83 | B83: =_xlfn.NORM.DIST(1.5,0,1,FALSE)
A84: case84 | B84: =_xlfn.NORM.DIST(42,40,1.5,TRUE)
A85: case85 | B85: =_xlfn.NORM.INV(0.908789,40,1.5)
A86: case86 | B86: =_xlfn.NORM.S.DIST(1.333333,TRUE)
A87: case87 | B87: =_xlfn.NORM.S.DIST(-3,TRUE)
A88: case88 | B88: =_xlfn.NORM.S.DIST(1.333333,FALSE)
A89: case89 | B89: =_xlfn.NORM.S.INV(0.908789)
A90: case90 | B90: =_xlfn.NORM.S.INV(0.0000001)
A91: case91 | B91: =_xlfn.LOGNORM.DIST(4,3.5,1.2,TRUE)
A92: case92 | B92: =_xlfn.LOGNORM.DIST(4,3.5,1.2,FALSE)
A93: case93 | B93: =_xlfn.LOGNORM.INV(0.039084,3.5,1.2)
A94: case94 | B94: =_xlfn.PHI(0.75)
A95: case95 | B95: =_xlfn.GAUSS(2)
A96: case96 | B96: =_xlfn.CONFIDENCE.NORM(0.05,2.5,50)
A97: case97 | B97: =_xlfn.CONFIDENCE.T(0.05,1,50)
A98: case98 | B98: =_xlfn.T.DIST(60,1,TRUE)
A99: case99 | B99: =_xlfn.T.DIST(-1.5,10,TRUE)
A100: case100 | B100: =_xlfn.T.DIST(1.5,10,FALSE)
...
